Oxford_Circus	Bond_Street	 
Marble_Arch	Bond_Street	 
Notting_Hill_Gate	Queensway	 
Queensway	Lancaster_Gate	 
Lancaster_Gate	Marble_Arch	 
Oxford_Circus	Holborn	 
Holborn	Chancery_Lane	 
Chancery_Lane	St_Paul's	 
St_Paul's	Bank_	 
Bank_	Liverpool_Street	 
Gloucester_Road	Knightsbridge	 
Knightsbridge	Hyde_Park_Corner	 
Hyde_Park_Corner	Green_Park	 
Green_Park	Piccadilly_Circus	 
Piccadilly_Circus	Leicester_Square	 
Leicester_Square	Covent_Garden	 
Covent_Garden	Holborn	 
Holborn	Russel_Square	 
Russel_Square	King''s_Cross_St_Pancras	 
King''s_Cross_St_Pancras	Euston	 
Euston	Warren_Street	 
Warren_Street	Oxford_Circus	 
Oxford_Circus	Green_Park	 
Green_Park	Victoria	 
Victoria	Pimlico	 
Pimlico	Vauxhall	 
Warren_Street	Goodge_Street	 
Goodge_Street	Tottenham_Court_Road	 
Tottenham_Court_Road	Leicester_Square	 
Leicester_Square	Charing_Cross	 
Charing_Cross	Embankment	 
Embankment	Waterloo	 
Waterloo	Kennington	 
Kennington	Elephant_&_Castle	 
Borough	Elephant_&_Castle	 
Borough	London_Bridge	 
London_Bridge	Monument	 
Monument	Moorgate	 
Moorgate	Old_Street	 
Old_Street	Angel	 
Angel	King''s_Cross_St_Pancras	 
Kennington	Oval	 
Oval	Stockwell	 
Stockwell	Vauxhall	 
Gloucester_Road	South_Kensington	 
South_Kensington	Sloane_Square	 
Sloane_Square	Victoria	 
Victoria	St_James's_Park	 
St_James's_Park	Westminister	 
Westminister	Embankment	 
Embankment	Temple	 
Temple	Blackfriars	 
Blackfriars	Mansion_House	 
Mansion_House	Cannon_Street	 
Cannon_Street	Monument	 
Monument	Tower_Hill	 
Tower_Hill	Aldgate	 
Tower_Hill	Aldgate_East	 
Aldgate	Liverpool_Street	 
Aldgate_East	Liverpool_Street	 
Liverpool_Street	Moorgate	 
Moorgate	Barbican	 
Barbican	Farrington	 
Farrington	King''s_Cross_St_Pancras	 
King''s_Cross_St_Pancras	Euston_Square	 
Euston_Square	Great_Portland_Street	 
Great_Portland_Street	Baker_Street	 
Edgware_Road	Baker_Street	 
Edgware_Road	Bayswater	 
Bayswater	Notting_Hill_Gate	 
Notting_Hill_Gate	High_Street_Kensington	 
High_Street_Kensington	Gloucester_Road	 
Baker_Street	Bond_Street	 
Bond_Street	Green_Park	 
Green_Park	Westminister	 
Westminister	Waterloo	 
Waterloo	Southwark	 
Southwark	London_Bridge	 
Baker_Street	Regent's_Park	 
Regent's_Park	Oxford_Circus	 
Oxford_Circus	Piccadilly_Circus	 
Piccadilly_Circus	Charing_Cross	 
Waterloo	Lambeth_North	 
Lambeth_North	Elephant_&_Castle	 
Baker_Street	Marylebone	 
Marylebone	Edgware_Road	 
Edgware_Road	Paddington	 
Edgware_Road	Paddington	 
King''s_Cross_St_Pancras	Highbury_&_Islington	 
Finsbury_Park	Highbury_&_Islington	 
Finsbury_Park	Seven_Sisters	 
Seven_Sisters	Tottenham_Hale	 
Tottenham_Hale	Blackhorse_Road	 
Blackhorse_Road	Walthamstow_Central	 
Euston	Mornington_Crescent	 
Mornington_Crescent	Camden_Town	 
Euston	Camden_Town	 
Edgware	Burnt_Oak	 
Burnt_Oak	Colindale	 
Colindale	Hendon_Central	 
Hendon_Central	Brent_Cross	 
Brent_Cross	Golders_Green	 
Hampstead	Golders_Green	 
Hampstead	Belsize_Park	 
Belsize_Park	Chalk_Farm	 
Camden_Town	Chalk_Farm	 
High_Barnet	Totteridge_&_Whetstone	 
Totteridge_&_Whetstone	Woodside_Park	 
Woodside_Park	West_Finchley	 
Finchley_Central	West_Finchley	 
Finchley_Central	Mill_Hill_East	 
Finchley_Central	East_Finchley	 
East_Finchley	Highgate	 
Highgate	Archway	 
Archway	Tufnell_Park	 
Tufnell_Park	Kentish_Town	 
Kentish_Town	Camden_Town	 
Morden	South_Wimbledon	 
South_Wimbledon	Colliers_Wood	 
Tooting_Broadway	Colliers_Wood	 
Tooting_Bec	Tooting_Broadway	 
Balham	Tooting_Bec	 
Clapham_South	Balham	 
Clapham_Common	Clapham_South	 
Clapham_North	Clapham_Common	 
Stockwell	Clapham_North	 
Stockwell	Brixton	 
Gloucester_Road	Earl's_Court	 
Earl's_Court	Barons_Court	 
Barons_Court	Hammersmith	 
Hammersmith	Turnham_Green	 
Turnham_Green	Acton_Town	 
"Heathrow_Terminal_1,2,3"	Heathrow_Terminal_5	 
"Heathrow_Terminal_1,2,3"	Heathrow_Terminal_4	 
Heathrow_Terminal_4	"Heathrow_Terminal_1,2,3"	 
"Heathrow_Terminal_1,2,3"	Hatton_Cross	 
Hounslow_West	Hatton_Cross	 
Hounslow_Central	Hounslow_West	 
Hounslow_Central	Hounslow_East	 
Hounslow_East	Osterley	 
Osterley	Boston_Manor	 
Boston_Manor	Northfields	 
Northfields	South_Ealing	 
South_Ealing	Acton_Town	 
Wimbledon	Wimbledon_Park	 
Wimbledon_Park	Southfields	 
Southfields	East_Putney	 
East_Putney	Putney_Bridge	 
Parsons_Green	Putney_Bridge	 
Fulham_Broadway	Parsons_Green	 
West_Brompton	Fulham_Broadway	 
Earl's_Court	West_Brompton	 
Earl's_Court	West_Kensington	 
West_Kensington	Barons_Court	 
Hammersmith	Ravenscourt_Park	 
Ravenscourt_Park	Stamford_Brook	 
Stamford_Brook	Turnham_Green	 
Richmond	Kew_Gardens	 
Kew_Gardens	Gunnesbury	 
Gunnesbury	Turnham_Green	 
Turnham_Green	Chiswick_Park	 
Chiswick_Park	Acton_Town	 
Acton_Town	Ealing_Common	 
Ealing_Common	Ealing_Broadway	 
Holland_Park	Notting_Hill_Gate	 
Shepard's_Bush	Holland_Park	 
Shepard's_Bush	White_City	 
White_City	East_Acton	 
North_Acton	East_Acton	 
West_Acton	North_Acton	 
Ealing_Broadway	West_Acton	 
West_Ruislip	Ruislip_Gardens	 
Ruislip_Gardens	South_Ruislip	 
Northolt	South_Ruislip	 
Northolt	Greenford	 
Greenford	Perivale	 
Perivale	Hanger_Lane	 
Park_Royal	North_Ealing	 
North_Ealing	Ealing_Broadway	 
North_Acton	Hanger_Lane	 
Sudbury_Town	Alperton	 
Alperton	Park_Royal	 
Sudbury_Hill	Sudbury_Town	 
Uxbridge	Hillingdon	 
Hillingdon	Ickenham	 
Ickenham	Ruislip	 
Ruislip	Ruislip_Manor	 
Eastcote	Ruislip_Manor	 
Rayners_Lane	Eastcote	 
South_Harrow	Rayners_Lane	 
Sudbury_Hill	South_Harrow	 
Rayners_Lane	West_Harrow	 
West_Harrow	Harrow-on-the-Hill	 
Amersham	Chalfont_&_Latimer	 
Chesham	Chalfont_&_Latimer	 
Chalfont_&_Latimer	Chorleywood	 
Chorleywood	Rickmansworth	 
Rickmansworth	Moor_Park	 
Moor_Park	Croxley	 
Croxley	Watford	 
Pinner	NorthHarrow	 
Northwood_Hills	Pinner	 
Northwood	Northwood_Hills	 
Moor_Park	Northwood	 
NorthHarrow	Harrow-on-the-Hill	 
Finchley_Road	Baker_Street	 
Finchley_Road	Wembley_Park	 
Wembley_Park	Preston_Road	 
Preston_Road	Northwick_Park	 
Northwick_Park	Harrow-on-the-Hill	 
Watford_Junction	Watford_High_Street	 
Watford_High_Street	Bushey	 
Bushey	Carpenders_Park	 
Carpenders_Park	Hatch_End	 
Hatch_End	Headstone_Lane	 
Headstone_Lane	Harrow_&_Wealdstone	 
Harrow_&_Wealdstone	Kenton	 
Kenton	South_Kenton	 
South_Kenton	North_Wembley	 
North_Wembley	Wembley_Central	 
Wembley_Central	Stonebridge_Park	 
Stonebridge_Park	Harlesden	 
Harlesden	Willesden_Junction	 
Willesden_Junction	Kensal_Green_	 
Kensal_Green_	Queen's_Park	 
Kilburn_Park	Malda_Vale	 
Queen's_Park	Kilburn_Park	 
Malda_Vale	Warwick_Avenue	 
Warwick_Avenue	Paddington	 
Baker_Street	St_John's_Wood	 
St_John's_Wood	Swiss_Cottage	 
Swiss_Cottage	Finchley_Road	 
Queensbury	Kingsbury	 
Neasden	Dollis_Hill	 
Willesden_Green_	Dollis_Hill	 
Kilburn	Willesden_Green_	 
West_Hampstead	Kilburn	 
Finchley_Road	West_Hampstead	 
Stanmore	Canons_Park	 
Canons_Park	Queensbury	 
Paddington	Royal_Oak_	 
Royal_Oak_	Westburn_Park	 
Westburn_Park	Ladbroke_Grove	 
Ladbroke_Grove	Latimer_Road	 
Latimer_Road	White_City	 
White_City	Wood_Lane	 
Wood_Lane	Latimer_Road	 
Shepherd's_Bush_Market_	Wood_Lane	 
Shepherd's_Bush_Market_	Goldhawk_Road	 
Goldhawk_Road	Hammersmith	 
Shepard's_Bush	Willesden_Junction	 
Manor_House	Finsbury_Park	 
Cockfosters	Oakwood	 
Oakwood	Arnos_Grove	 
Arnos_Grove	Wood_Green	 
Turnpike_Lane	Wood_Green	 
Manor_House	Turnpike_Lane	 
Finsbury_Park	Arsenal	 
Arsenal	Holloway_Road	 
Holloway_Road	Caledonian_Road	 
Caledonian_Road	King''s_Cross_St_Pancras	 
Epping	Theydon_Bois	 
Theydon_Bois	Debden	 
Debden	Loughton	 
Loughton	Buckhurst_Hill	 
Buckhurst_Hill	_Woodford	 
_Woodford	South_Woodford	 
South_Woodford	Snaresbrook	 
Snaresbrook	Leytonstone	 
Leytonstone	Leyton	 
Leyton	Stratford	 
Stratford	Mile_End	 
Mile_End	Bethnal_Green_	 
Bethnal_Green_	Liverpool_Street	 
Roding_Valley	_Woodford	 
Roding_Valley	Chigwell	 
Chigwell	Grange_Hill	 
Grange_Hill	Hainault	 
Fairlop	Hainault	 
Barkingside	Fairlop	 
Barkingside	Newbury_Park	 
Newbury_Park	Gants_Hill	 
Gants_Hill	Redbridge	 
Redbridge	Wanstead	 
Wanstead	Leytonstone	 
Mile_End	Bow_Road	 
Mile_End	Stepney_Green	 
Bow_Road	Bromley-by-Bow	 
West_Ham	Bromley-by-Bow	 
West_Ham	Plaistow	 
Plaistow	Upton_Park	 
Upton_Park	East_Ham	 
East_Ham	Barking	 
Barking	Upney	 
Upney	Becontree	 
Becontree	Dagenham_East	 
Dagenham_East	Elm_Park	 
Elm_Park	Horchurch	 
Horchurch	Upminister_Bridge	 
Upminister_Bridge	Upminister	 
Stepney_Green	Whitechapel	 
Aldgate_East	Whitechapel	 
Stratford	West_Ham	 
London_Bridge	Bermondsey	 
Bermondsey	Canada_Water	 
Canada_Water	Canary_Warf	 
Canary_Warf	North_Greenwich	 
North_Greenwich	Canning_Town	 
Neasden	Wembley_Park	 
Wembley_Park	Kingsbury	 
Gunnesbury	South_Acton	 
South_Acton	Acton_Central	 
Willesden_Junction	Acton_Central	 
Willesden_Junction	Kensal_Rise	 
Brondesbury_Park	Brondesbury	 
Kensal_Rise	Brondesbury_Park	 
Brondesbury	West_Hampstead	 
West_Hampstead	Finchley_Road_&_Frognal	 
Finchley_Road_&_Frognal	Hampsted_Heath	 
Hampsted_Heath	Gospel_Oak	 
Gospel_Oak	Camden_Road	 
Camden_Road	Cledonian_Road_&_Barnsbury	 
Cledonian_Road_&_Barnsbury	Highbury_&_Islington	 
Highbury_&_Islington	Canonbury	 
Canonbury	Dalston_Kingsland	 
Hackney_Wick	Stratford	 
Hackney_Wick	Homerton	 
Homerton	Hackney_Central	 
Hackney_Central	Dalston_Kingsland	 
Canonbury	Dalston_Junction	 
Whitechapel	Shoreditch_High_Street	 
Shoreditch_High_Street	Hoxton	 
Haggerston	Dalston_Junction	 
Haggerston	Hoxton	 
Whitechapel	Shadwell	 
Shadwell	Wapping	 
Rotherhithe	Wapping	 
Rotherhithe	Canada_Water	 
Canada_Water	Surrey_Quays	 
New_Cross	Surrey_Quays	 
Surrey_Quays	New_Cross_Gate	 
Queens_Road_Peckham	Surrey_Quays	 
Peckham_Rye	Queens_Road_Peckham	 
Denmark_Hill	Peckham_Rye	 
Denmark_Hill	Clapham_High_Street	 
West_Brompton	Imperial_Wharf	 
Clapham_Junction	Imperial_Wharf	 
Wandsworth_Road	Clapham_Junction	 
Clapham_High_Street	Wandsworth_Road	 
West_Brompton	Kensington_Olympia	 
Shepard's_Bush	Kensington_Olympia	 
Lewisham	Elverson_Road	 
Elverson_Road	Deptford_Bridge	 
Deptford_Bridge	Greenwich	 
Greenwich	Cutty_Sark_for_Maritime_Greenwich	 
Cutty_Sark_for_Maritime_Greenwich	Island_Gardens	 
Island_Gardens	Mudchute	 
Mudchute	Crossharbour	 
Crossharbour	South_Quay	 
South_Quay	Heron_Quays	 
Heron_Quays	Canary_Warf	 
Canary_Warf	West_India_Quay	 
Poplar	West_India_Quay	 
Bow_Church	Devons_Road	 
Langdon_Park	Devons_Road	 
Langdon_Park	All_Saints	 
Poplar	All_Saints	 
Bow_Church	Bow_Road	 
Bow_Church	Pudding_Mill_Lane	 
Pudding_Mill_Lane	Stratford	 
Stratford	Stratford_High_Street	 
Stratford_High_Street	Abbey_Road	 
Abbey_Road	West_Ham	 
West_Ham	Star_Lane	 
Star_Lane	Canning_Town	 
Canning_Town	Royal_Victoria	 
Royal_Victoria	Custom_House_for_ExCeL	 
Custom_House_for_ExCeL	Prince_Regent	 
Prince_Regent	Royal_Albert	 
Royal_Albert	Beckton_Park	 
Beckton_Park	Cyprus	 
Cyprus	Gallions_Reach	 
Gallions_Reach	Beckton	 
Woolwich_Arsenal	King_George_V	 
King_George_V	London_City_Airport	 
West_Silvertown	Pontoon_Dock	 
Pontoon_Dock	London_City_Airport	 
Canning_Town	West_Silvertown	 
Stratford_International	Stratford	 
Bank_	Monument	 
Tower_Gateway	Tower_Hill	 
Bank_	Tower_Gateway	 
Tower_Gateway	Limehouse	 
Limehouse	Westferry	 
Westferry	Poplar	 
Westferry	West_India_Quay	 
Poplar	Blackwall	 
Blackwall	East_India	 
East_India	Canning_Town	 
Gospel_Oak	Upper_Holloway	 
Upper_Holloway	Crouch_Hill	 
Crouch_Hill	Harringay_Green_Lanes	 
Harringay_Green_Lanes	South_Tottenham	 
South_Tottenham	Blackhorse_Road	 
Blackhorse_Road	Walthamstow_Queen’s_Road	 
Walthamstow_Queen’s_Road	Leyton_Midland_Road	 
Leyton_Midland_Road	Leytonstone_High_Road	 
Leytonstone_High_Road	Wanstead_Park	 
Woodgrange_Park	Wanstead_Park	 
Woodgrange_Park	Barking	 
New_Cross_Gate	Brockley	 
Brockley	Honor_Oak_Park	 
Honor_Oak_Park	Forest_Hill	 
Forest_Hill	Sydenham	 
Sydenham	Penge_West	 
Penge_West	Anerley	 
Anerley	Norwood_Junction	 
Norwood_Junction	West_Croydon	 
Crystal_Palace	Sydenham	 
